,_id,symbol,name,categories,createdAt,enabledAttributesFilters,isDraft,isDerivative,nftImageType,totalItems,updatedAt,isFlagged,version
175,622164cefc8e0e0e810fe911,6rings,6 RINGS,['launchpad'],2022-03-04T01:01:02.835Z,True,False,False,,5005.0,2022-03-04T01:01:02.835Z,,v3
125,622164cefc8e0e0e810fe911,6rings,6 RINGS,['launchpad'],2022-03-04T01:01:02.835Z,True,False,False,,5005.0,2022-03-04T01:01:02.835Z,,v2
269,622164cefc8e0e0e810fe911,6rings,6 RINGS,['launchpad'],2022-03-04T01:01:02.835Z,True,False,False,,5005.0,2022-03-04T01:01:02.835Z,,v4
36,61e37737bd85e7b14d4632be,888_anon_club,888 Anon Club™,['pfps'],2022-01-16T01:39:42.197Z,True,False,False,,888.0,,,v1
148,61e37737bd85e7b14d4632be,888_anon_club,888 Anon Club™,['pfps'],2022-01-16T01:39:42.197Z,True,False,False,,888.0,,,v3
245,61e37737bd85e7b14d4632be,888_anon_club,888 Anon Club™,['pfps'],2022-01-16T01:39:42.197Z,True,False,False,,888.0,,,v4
70,61e37737bd85e7b14d4632be,888_anon_club,888 Anon Club™,['pfps'],2022-01-16T01:39:42.197Z,True,False,False,,888.0,,,v2
271,622a61c64b507310a117f4f4,aiternate_holotabs,Aiternate - Holotabs,['launchpad'],2022-03-10T20:38:30.374Z,True,False,False,,6660.0,2022-03-10T20:38:30.374Z,,v4
128,622a61c64b507310a117f4f4,aiternate_holotabs,Aiternate - Holotabs,['launchpad'],2022-03-10T20:38:30.374Z,True,False,False,,6660.0,2022-03-10T20:38:30.374Z,,v2
177,622a61c64b507310a117f4f4,aiternate_holotabs,Aiternate - Holotabs,['launchpad'],2022-03-10T20:38:30.374Z,True,False,False,,6660.0,2022-03-10T20:38:30.374Z,,v3
338,624529b2bea360023d7ba55f,akari,Akari,"['pfps', 'art']",2022-03-31T04:10:26.417Z,True,False,False,,2222.0,2022-04-18T16:10:48.418Z,False,v4
188,624529b2bea360023d7ba55f,akari,Akari,"['pfps', 'art']",2022-03-31T04:10:26.417Z,True,False,False,,2222.0,2022-04-03T14:15:43.032Z,False,v3
79,6206a9d9814536dcf76c1d3c,aldermages,Alder Mages,"['art', 'virtual_worlds']",2022-02-11T18:24:26.494Z,True,False,False,,1666.0,,,v2
48,6206a9d9814536dcf76c1d3c,aldermages,Alder Mages,"['art', 'virtual_worlds']",2022-02-11T18:24:26.494Z,True,False,False,,1666.0,,,v1
253,6206a9d9814536dcf76c1d3c,aldermages,Alder Mages,"['art', 'virtual_worlds']",2022-02-11T18:24:26.494Z,True,False,False,,1666.0,,,v4
157,6206a9d9814536dcf76c1d3c,aldermages,Alder Mages,"['art', 'virtual_worlds']",2022-02-11T18:24:26.494Z,True,False,False,,1666.0,,,v3
77,62157914bd4ec99e9dfbbe39,almost_famous_pandas,Almost Famous Pandas,['launchpad'],2022-02-23T00:00:20.996Z,True,False,False,,8888.0,2022-02-23T00:00:20.996Z,,v2
155,62157914bd4ec99e9dfbbe39,almost_famous_pandas,Almost Famous Pandas,['launchpad'],2022-02-23T00:00:20.996Z,True,False,False,,8888.0,2022-02-23T00:00:20.996Z,,v3
45,62157914bd4ec99e9dfbbe39,almost_famous_pandas,Almost Famous Pandas,['launchpad'],2022-02-23T00:00:20.996Z,True,False,False,,8888.0,2022-02-23T00:00:20.996Z,,v1
251,62157914bd4ec99e9dfbbe39,almost_famous_pandas,Almost Famous Pandas,['launchpad'],2022-02-23T00:00:20.996Z,True,False,False,,8888.0,2022-02-23T00:00:20.996Z,,v4
186,6229433d765e65573c7f97a3,astrals,ASTRALS,"['pfps', 'games']",2022-03-10T00:15:57.032Z,True,,False,,10000.0,2022-04-03T14:37:16.880Z,,v3
314,6229433d765e65573c7f97a3,astrals,ASTRALS,"['pfps', 'games']",2022-03-10T00:15:57.032Z,True,False,False,,10000.0,2022-04-18T16:07:22.415Z,,v4
82,6229433d765e65573c7f97a3,astrals,ASTRALS,"['pfps', 'games']",2022-03-10T00:15:57.032Z,True,,False,,10000.0,,,v2
311,622a22f847a586b152af5432,atadians,OG Atadians,"['pfps', 'art']",2022-03-10T16:10:32.172Z,True,,False,,5000.0,2022-04-18T15:50:14.202Z,,v4
112,622a22f847a586b152af5432,atadians,OG Atadians,"['pfps', 'art']",2022-03-10T16:10:32.172Z,True,,False,,5000.0,,,v2
196,622a22f847a586b152af5432,atadians,OG Atadians,"['pfps', 'art']",2022-03-10T16:10:32.172Z,True,,False,,5000.0,2022-04-03T12:53:50.683Z,,v3
310,615017f33d226d6a3cfc9afd,aurory,Aurory,['games'],2021-09-26T06:49:23.082Z,True,False,False,,10002.0,2022-04-18T16:30:21.175Z,,v4
209,615017f33d226d6a3cfc9afd,aurory,Aurory,['games'],2021-09-26T06:49:23.082Z,True,False,False,,10002.0,2022-04-03T07:40:55.275Z,,v3
143,61eb6953fda301e69c545813,balloonsville,Balloonsville 2.0,"['pfps', 'art', 'launchpad']",2022-01-22T02:17:55.085Z,True,False,False,,0.0,2022-02-05T18:20:59.853Z,False,v3
65,61eb6953fda301e69c545813,balloonsville,Balloonsville 2.0,"['pfps', 'art', 'launchpad']",2022-01-22T02:17:55.085Z,True,False,False,,0.0,2022-02-05T18:20:59.853Z,False,v2
240,61eb6953fda301e69c545813,balloonsville,Balloonsville 2.0,"['pfps', 'art', 'launchpad']",2022-01-22T02:17:55.085Z,True,False,False,,0.0,2022-02-05T18:20:59.853Z,False,v4
29,61eb6953fda301e69c545813,balloonsville,Balloonsville 2.0,"['pfps', 'art', 'launchpad']",2022-01-22T02:17:55.085Z,True,False,False,,0.0,2022-02-05T18:20:59.853Z,False,v1
256,61f3869944c79e001191cc39,best_buds,Best Buds,"['pfps', 'art', 'launchpad']",2022-01-28T06:00:56.940Z,True,False,False,,,2022-01-28T21:55:07.279Z,False,v4
91,61f3869944c79e001191cc39,best_buds,Best Buds,"['pfps', 'art', 'launchpad']",2022-01-28T06:00:56.940Z,True,False,False,,,2022-01-28T21:55:07.279Z,False,v2
160,61f3869944c79e001191cc39,best_buds,Best Buds,"['pfps', 'art', 'launchpad']",2022-01-28T06:00:56.940Z,True,False,False,,,2022-01-28T21:55:07.279Z,False,v3
15,61f3869944c79e001191cc39,best_buds,Best Buds,"['pfps', 'art', 'launchpad']",2022-01-28T06:00:56.940Z,True,False,False,,,2022-01-28T21:55:07.279Z,,v1
193,623ccf25efc0d2933f024aa2,blocksmith_labs,Blocksmith Labs,['launchpad'],2022-03-24T20:05:57.110Z,True,False,False,,4444.0,2022-04-03T14:31:07.390Z,,v3
321,623ccf25efc0d2933f024aa2,blocksmith_labs,Blocksmith Labs,['launchpad'],2022-03-24T20:05:57.110Z,True,False,False,,4444.0,2022-04-18T16:05:53.948Z,,v4
88,62191a6d0eb8fd001259d702,bohemia_,Bohemia,"['pfps', 'art']",2022-02-25T18:05:32.466Z,True,False,False,,,,,v2
201,62191a6d0eb8fd001259d702,bohemia_,Bohemia,"['pfps', 'art']",2022-02-25T18:05:32.466Z,True,False,False,,,2022-04-03T12:53:34.535Z,,v3
320,62191a6d0eb8fd001259d702,bohemia_,Bohemia,"['pfps', 'art']",2022-02-25T18:05:32.466Z,True,False,False,,,2022-04-18T15:29:41.425Z,,v4
0,62191a6d0eb8fd001259d702,bohemia_,Bohemia,"['pfps', 'art']",2022-02-25T18:05:32.466Z,True,False,False,,,,,v1
87,6238cad747a586b15201a8e2,bongheads,BongHeads,"['pfps', 'art']",2022-03-21T18:58:31.688Z,True,,False,,2420.0,,,v2
159,6238cad747a586b15201a8e2,bongheads,BongHeads,"['pfps', 'art']",2022-03-21T18:58:31.688Z,True,,False,,2420.0,,,v3
255,6238cad747a586b15201a8e2,bongheads,BongHeads,"['pfps', 'art']",2022-03-21T18:58:31.688Z,True,,False,,2420.0,,,v4
26,618329fe9972a20011f80d54,boryoku_dragonz,Boryoku Dragonz,['pfps'],2021-11-04T00:31:56.746Z,True,False,False,,,,False,v1
63,618329fe9972a20011f80d54,boryoku_dragonz,Boryoku Dragonz,['pfps'],2021-11-04T00:31:56.746Z,True,False,False,,,,False,v2
290,618329fe9972a20011f80d54,boryoku_dragonz,Boryoku Dragonz,['pfps'],2021-11-04T00:31:56.746Z,True,False,False,,,2022-04-03T13:41:54.240Z,False,v4
217,618329fe9972a20011f80d54,boryoku_dragonz,Boryoku Dragonz,['pfps'],2021-11-04T00:31:56.746Z,True,False,False,,,2022-04-03T13:41:54.240Z,False,v3
225,61f9b3a4b98400339f5911c5,bulldog_billionaires,Bulldog Billionaires,"['pfps', 'art']",2022-02-01T23:17:00.609Z,True,False,False,,0.0,2022-04-03T13:22:48.953Z,,v3
297,61f9b3a4b98400339f5911c5,bulldog_billionaires,Bulldog Billionaires,"['pfps', 'art']",2022-02-01T23:17:00.609Z,True,False,False,,0.0,2022-04-03T13:22:48.953Z,,v4
315,6259d74f8f699f0011a57116,bushidosociety,Bushido Society,"['pfps', 'art']",2022-04-15T20:36:33.986Z,True,False,,,,2022-04-18T16:30:42.260Z,,v4
182,622a544a47a586b152f3f899,cets_on_creck,CETS ON CRECK,"['pfps', 'art']",2022-03-10T19:40:57.935Z,True,False,False,,6969.0,2022-04-03T13:54:51.873Z,False,v3
83,622a544a47a586b152f3f899,cets_on_creck,CETS ON CRECK,"['pfps', 'art']",2022-03-10T19:40:57.935Z,True,False,False,,6969.0,,False,v2
303,622a544a47a586b152f3f899,cets_on_creck,CETS ON CRECK,"['pfps', 'art']",2022-03-10T19:40:57.935Z,True,False,False,,6969.0,2022-04-18T16:37:11.167Z,False,v4
319,6202a9897f066e00122ac6a0,citizens_by_solsteads,Citizens by Solsteads,"['art', 'pfps']",2022-02-08T17:34:01.654Z,True,False,,,,2022-04-18T15:01:25.088Z,,v4
184,6202a9897f066e00122ac6a0,citizens_by_solsteads,Citizens by Solsteads,"['art', 'pfps']",2022-02-08T17:34:01.654Z,True,False,,,,2022-04-03T13:24:15.173Z,,v3
336,624f098150304700114a64f9,cosmic_ape_crusaders,Cosmic Ape Crusaders,"['pfps', 'virtual_worlds']",2022-04-08T00:00:24.358Z,True,False,False,,,2022-04-18T15:36:42.029Z,,v4
326,625b2b8795f92c7e1de95fd0,creamy_friends,Creamy Friends,"['pfps', 'games']",2022-04-16T20:48:07.802Z,True,False,False,,5555.0,2022-04-18T16:30:02.457Z,False,v4
292,6243d876bea360023da7525a,curedlabs,Cursed Labs,"['pfps', 'art']",2022-03-30T04:11:34.753Z,True,False,False,,0.0,2022-04-03T14:05:37.065Z,,v4
219,6243d876bea360023da7525a,curedlabs,Cursed Labs,"['pfps', 'art']",2022-03-30T04:11:34.753Z,True,False,False,,0.0,2022-04-03T14:05:37.065Z,,v3
53,621c423e814536dcf79487f6,cyborg_iguanas,Cyborg Iguanas,"['games', 'pfps']",2022-02-28T03:32:13.979Z,True,False,False,,2222.0,,,v2
6,621c423e814536dcf79487f6,cyborg_iguanas,Cyborg Iguanas,"['games', 'pfps']",2022-02-28T03:32:13.979Z,True,False,False,,2222.0,,,v1
233,621c423e814536dcf79487f6,cyborg_iguanas,Cyborg Iguanas,"['games', 'pfps']",2022-02-28T03:32:13.979Z,True,False,False,,2222.0,,,v4
134,621c423e814536dcf79487f6,cyborg_iguanas,Cyborg Iguanas,"['games', 'pfps']",2022-02-28T03:32:13.979Z,True,False,False,,2222.0,,,v3
259,623542dd47a586b152d2f829,cynova_legacy,Cynova Legacy,"['art', 'virtual_worlds']",2022-03-19T02:41:33.700Z,True,False,False,,0.0,,,v4
163,623542dd47a586b152d2f829,cynova_legacy,Cynova Legacy,"['art', 'virtual_worlds']",2022-03-19T02:41:33.700Z,True,False,False,,0.0,,,v3
99,623542dd47a586b152d2f829,cynova_legacy,Cynova Legacy,"['art', 'virtual_worlds']",2022-03-19T02:41:33.700Z,True,False,False,,0.0,,,v2
142,61bda255abff6174de871723,danger_valley_ducks,Danger Valley Ducks,"['pfps', 'games']",2021-12-18T08:56:53.231Z,True,False,,,0.0,,,v3
28,61bda255abff6174de871723,danger_valley_ducks,Danger Valley Ducks,"['pfps', 'games']",2021-12-18T08:56:53.231Z,True,False,,,0.0,,,v1
64,61bda255abff6174de871723,danger_valley_ducks,Danger Valley Ducks,"['pfps', 'games']",2021-12-18T08:56:53.231Z,True,False,,,0.0,,,v2
239,61bda255abff6174de871723,danger_valley_ducks,Danger Valley Ducks,"['pfps', 'games']",2021-12-18T08:56:53.231Z,True,False,,,0.0,,,v4
282,61c08db180e1460011feda53,dazedducks_metagalactic_club,DazedDucks Metagalactic Club,['pfps'],2021-12-20T14:05:35.961Z,True,False,False,gif,,2022-04-03T14:35:00.047Z,False,v4
19,61c08db180e1460011feda53,dazedducks_metagalactic_club,DazedDucks Metagalactic Club,['pfps'],2021-12-20T14:05:35.961Z,True,False,False,,,,False,v1
126,61c08db180e1460011feda53,dazedducks_metagalactic_club,DazedDucks Metagalactic Club,['pfps'],2021-12-20T14:05:35.961Z,True,False,False,,,,False,v2
203,61c08db180e1460011feda53,dazedducks_metagalactic_club,DazedDucks Metagalactic Club,['pfps'],2021-12-20T14:05:35.961Z,True,False,False,gif,,2022-04-03T14:35:00.047Z,False,v3
101,6223c1988d606b0012d45010,debonair_degen_hawks,Debonair Degen Hawks,['pfps'],2022-03-05T22:13:21.199Z,True,False,False,,,,,v2
294,6223c1988d606b0012d45010,debonair_degen_hawks,Debonair Degen Hawks,['pfps'],2022-03-05T22:13:21.199Z,True,False,False,,,2022-04-03T14:34:50.046Z,,v4
222,6223c1988d606b0012d45010,debonair_degen_hawks,Debonair Degen Hawks,['pfps'],2022-03-05T22:13:21.199Z,True,False,False,,,2022-04-03T14:34:50.046Z,,v3
308,62530d9295f92c7e1d4df0fe,decimusdynamics,Decimus Dynamics,"['games', 'art']",2022-04-10T17:02:10.292Z,True,False,False,,0.0,2022-04-18T16:36:51.659Z,,v4
109,61f574757381c1001066bd0d,defi_pirates,DeFi Pirates,['pfps'],2022-01-29T17:08:04.186Z,True,False,False,,,,,v2
349,61f574757381c1001066bd0d,defi_pirates,DeFi Pirates,['pfps'],2022-01-29T17:08:04.186Z,True,False,False,,,2022-04-18T16:08:48.383Z,,v4
14,61f574757381c1001066bd0d,defi_pirates,DeFi Pirates,['pfps'],2022-01-29T17:08:04.186Z,True,False,False,,,,,v1
221,61f574757381c1001066bd0d,defi_pirates,DeFi Pirates,['pfps'],2022-01-29T17:08:04.186Z,True,False,False,,,2022-04-03T14:17:53.611Z,,v3
264,62394bbc629c67001079979d,defiland_gen0,DeFi Land Gen-0 NFTs,['games'],2022-03-22T04:08:27.307Z,True,False,False,,,,,v4
111,62394bbc629c67001079979d,defiland_gen0,DeFi Land Gen-0 NFTs,['games'],2022-03-22T04:08:27.307Z,True,False,False,,,,,v2
168,62394bbc629c67001079979d,defiland_gen0,DeFi Land Gen-0 NFTs,['games'],2022-03-22T04:08:27.307Z,True,False,False,,,,,v3
302,6251af5d95f92c7e1dc455c2,degendojonft,Degen Dojo,"['art', 'pfps']",2022-04-09T16:07:57.409Z,True,False,False,,0.0,2022-04-18T16:23:20.197Z,,v4
96,6157c7783d226d6a3c9d2498,degenerate_ape_academy,Degenerate Ape Academy,['pfps'],2021-10-02T02:44:08.852Z,True,False,False,,10009.0,,,v2
33,6157c7783d226d6a3c9d2498,degenerate_ape_academy,Degenerate Ape Academy,['pfps'],2021-10-02T02:44:08.852Z,True,False,False,,10009.0,,,v1
183,6157c7783d226d6a3c9d2498,degenerate_ape_academy,Degenerate Ape Academy,['pfps'],2021-10-02T02:44:08.852Z,True,False,False,,10009.0,2022-04-01T21:57:57.899Z,False,v3
328,6157c7783d226d6a3c9d2498,degenerate_ape_academy,Degenerate Ape Academy,['pfps'],2021-10-02T02:44:08.852Z,True,False,False,,10009.0,2022-04-18T15:58:39.129Z,False,v4
339,61f337c7ee72e80010278b68,degenerate_ape_kindergarten,Degenerate Ape Kindergarten,"['pfps', 'games']",2022-01-28T00:24:38.289Z,True,False,False,,,2022-04-18T14:49:25.133Z,,v4
89,61f337c7ee72e80010278b68,degenerate_ape_kindergarten,Degenerate Ape Kindergarten,"['pfps', 'games']",2022-01-28T00:24:38.289Z,True,False,False,,,,,v2
187,61f337c7ee72e80010278b68,degenerate_ape_kindergarten,Degenerate Ape Kindergarten,"['pfps', 'games']",2022-01-28T00:24:38.289Z,True,False,False,,,2022-04-03T12:29:39.677Z,,v3
189,619a42d2aa12d5001006530d,degenerate_trash_pandas,Degenerate Trash Pandas,['pfps'],2021-11-21T13:00:01.384Z,True,False,,,,2022-04-03T14:43:36.601Z,,v3
341,619a42d2aa12d5001006530d,degenerate_trash_pandas,Degenerate Trash Pandas,['pfps'],2021-11-21T13:00:01.384Z,True,False,False,,,2022-04-18T15:56:56.519Z,False,v4
199,62472271bea360023d53c062,degens,DeGens,"['pfps', None]",2022-04-01T16:04:01.084Z,True,,True,,3333.0,2022-04-03T14:29:23.191Z,False,v3
279,62472271bea360023d53c062,degens,DeGens,"['pfps', None]",2022-04-01T16:04:01.084Z,True,,True,,3333.0,2022-04-03T14:29:23.191Z,False,v4
180,61e20147fd5137001097cedb,degods,DeGods,"['pfps', 'art']",2022-01-14T23:03:33.857Z,True,False,False,,,2022-04-03T14:43:44.968Z,,v3
1,61e20147fd5137001097cedb,degods,DeGods,"['pfps', 'art']",2022-01-14T23:03:33.857Z,True,False,,,,,,v1
81,61e20147fd5137001097cedb,degods,DeGods,"['pfps', 'art']",2022-01-14T23:03:33.857Z,True,False,False,,,,,v2
301,61e20147fd5137001097cedb,degods,DeGods,"['pfps', 'art']",2022-01-14T23:03:33.857Z,True,False,False,,,2022-04-18T16:36:19.188Z,,v4
220,61ddf1df60b5e500104e6791,desolates_metaverse,Desolates Metaverse,['virtual_worlds'],2022-01-11T21:08:46.278Z,True,False,False,,,2022-04-03T13:53:16.873Z,,v3
22,61ddf1df60b5e500104e6791,desolates_metaverse,Desolates Metaverse,['virtual_worlds'],2022-01-11T21:08:46.278Z,True,False,False,,,,,v1
293,61ddf1df60b5e500104e6791,desolates_metaverse,Desolates Metaverse,['virtual_worlds'],2022-01-11T21:08:46.278Z,True,False,False,,,2022-04-03T13:53:16.873Z,,v4
122,61ddf1df60b5e500104e6791,desolates_metaverse,Desolates Metaverse,['virtual_worlds'],2022-01-11T21:08:46.278Z,True,False,False,,,,,v2
342,621d72bd26d2ba0011262ffc,diamond_town,DIAMOND TOWN HEADS,['pfps'],2022-03-01T01:11:23.928Z,True,False,False,,,2022-04-18T16:27:48.861Z,,v4
136,621d72bd26d2ba0011262ffc,diamond_town,DIAMOND TOWN HEADS,['pfps'],2022-03-01T01:11:23.928Z,True,False,False,,,,,v3
8,621d72bd26d2ba0011262ffc,diamond_town,DIAMOND TOWN HEADS,['pfps'],2022-03-01T01:11:23.928Z,True,False,False,,,,,v1
55,621d72bd26d2ba0011262ffc,diamond_town,DIAMOND TOWN HEADS,['pfps'],2022-03-01T01:11:23.928Z,True,False,False,,,,,v2
94,623378a5d95bb39a4535c8f4,doge_track,Doge Track: Genesis Doges,['launchpad'],2022-03-17T18:06:29.163Z,True,False,False,,6000.0,2022-03-17T18:06:29.163Z,,v2
161,623378a5d95bb39a4535c8f4,doge_track,Doge Track: Genesis Doges,['launchpad'],2022-03-17T18:06:29.163Z,True,False,False,,6000.0,2022-03-17T18:06:29.163Z,,v3
257,623378a5d95bb39a4535c8f4,doge_track,Doge Track: Genesis Doges,['launchpad'],2022-03-17T18:06:29.163Z,True,False,False,,6000.0,2022-03-17T18:06:29.163Z,,v4
198,62294387765e65573c930af1,drippies,Drippies™️,"['art', None]",2022-03-10T00:17:11.466Z,True,False,False,,5555.0,2022-04-03T14:18:48.386Z,,v3
114,62294387765e65573c930af1,drippies,Drippies™️,"['art', None]",2022-03-10T00:17:11.466Z,True,False,False,,1797.0,,,v2
278,62294387765e65573c930af1,drippies,Drippies™️,"['art', None]",2022-03-10T00:17:11.466Z,True,False,False,,5555.0,2022-04-03T14:18:48.386Z,,v4
332,61bf83e3bc989d001164c73f,enviro,enviro,"['photography', 'virtual_worlds']",2021-12-19T19:11:31.702Z,True,False,False,,,2022-04-18T15:51:09.930Z,,v4
343,624f617a95f92c7e1d933c7a,fadedfoxes,Faded Foxes,"['art', None]",2022-04-07T22:11:06.956Z,True,False,False,,0.0,2022-04-18T16:19:06.105Z,False,v4
312,6155faa73d226d6a3ca19250,famous_fox_federation,Famous Fox Federation,['pfps'],2021-09-30T17:57:59.644Z,True,False,False,,0.0,2022-04-18T15:57:25.039Z,,v4
195,6155faa73d226d6a3ca19250,famous_fox_federation,Famous Fox Federation,['pfps'],2021-09-30T17:57:59.644Z,True,False,False,,0.0,2022-04-03T13:43:32.578Z,,v3
92,6155faa73d226d6a3ca19250,famous_fox_federation,Famous Fox Federation,['pfps'],2021-09-30T17:57:59.644Z,True,False,False,,0.0,,,v2
42,6155faa73d226d6a3ca19250,famous_fox_federation,Famous Fox Federation,['pfps'],2021-09-30T17:57:59.644Z,True,False,False,,0.0,,,v1
318,6250edd395f92c7e1dc69c51,fellowapes,Fellow Apes,"['pfps', 'art']",2022-04-09T02:22:11.739Z,True,False,False,,4421.0,2022-04-18T16:26:22.909Z,False,v4
174,622ee83147a586b152caf7c9,female_hodl_whales,Female HODL Whales,"['pfps', None]",2022-03-14T07:01:05.212Z,True,False,False,,1500.0,,,v3
124,622ee83147a586b152caf7c9,female_hodl_whales,Female HODL Whales,"['pfps', None]",2022-03-14T07:01:05.212Z,True,False,False,,1500.0,,,v2
268,622ee83147a586b152caf7c9,female_hodl_whales,Female HODL Whales,"['pfps', None]",2022-03-14T07:01:05.212Z,True,False,False,,1500.0,,,v4
325,62577d5795f92c7e1dde6c43,flamez,Flavor Flamez,"['pfps', 'art']",2022-04-14T01:48:07.207Z,True,,False,,3322.0,2022-04-18T16:32:21.112Z,,v4
330,623f6c2dbea360023d989471,funguyz,FunGuyz,"['pfps', 'art']",2022-03-26T19:40:29.066Z,True,False,False,,0.0,2022-04-18T16:23:25.872Z,,v4
227,623f6c2dbea360023d989471,funguyz,FunGuyz,"['pfps', 'art']",2022-03-26T19:40:29.066Z,True,False,False,,0.0,2022-04-03T14:21:13.550Z,,v3
58,6154c07e3d226d6a3c178c16,galactic_geckos,GGSG: Galactic Geckos,['pfps'],2021-09-29T19:37:34.912Z,True,False,,,0.0,,,v2
331,6154c07e3d226d6a3c178c16,galactic_geckos,GGSG: Galactic Geckos,['pfps'],2021-09-29T19:37:34.912Z,True,False,False,,0.0,2022-04-18T15:09:29.994Z,False,v4
192,6154c07e3d226d6a3c178c16,galactic_geckos,GGSG: Galactic Geckos,['pfps'],2021-09-29T19:37:34.912Z,True,False,False,,0.0,2022-04-03T13:20:54.894Z,False,v3
16,6154c07e3d226d6a3c178c16,galactic_geckos,GGSG: Galactic Geckos,['pfps'],2021-09-29T19:37:34.912Z,True,False,,,0.0,,,v1
176,6205f46e10ea7b0011f80cbd,generous_robots_dao,Generous Robots DAO,['pfps'],2022-02-11T22:12:35.400Z,True,False,False,,,,False,v3
127,6205f46e10ea7b0011f80cbd,generous_robots_dao,Generous Robots DAO,['pfps'],2022-02-11T22:12:35.400Z,True,False,False,,,,False,v2
270,6205f46e10ea7b0011f80cbd,generous_robots_dao,Generous Robots DAO,['pfps'],2022-02-11T22:12:35.400Z,True,False,False,,,,False,v4
97,616b3047db6fbe0010bdfae9,genopets,Genopets,['art'],2021-10-16T20:03:26.753Z,True,False,False,,,,,v2
223,616b3047db6fbe0010bdfae9,genopets,Genopets,['art'],2021-10-16T20:03:26.753Z,True,False,False,,,2022-04-03T12:34:15.608Z,,v3
295,616b3047db6fbe0010bdfae9,genopets,Genopets,['art'],2021-10-16T20:03:26.753Z,True,False,False,,,2022-04-03T12:34:15.608Z,,v4
213,61c51a6af6d6cf0010916dca,genopets_refined_genotype_crystals,Genopets Refined Genotype Crystals,['games'],2021-12-24T00:55:05.611Z,True,False,False,mp4,,2022-04-03T12:28:04.618Z,,v3
286,61c51a6af6d6cf0010916dca,genopets_refined_genotype_crystals,Genopets Refined Genotype Crystals,['games'],2021-12-24T00:55:05.611Z,True,False,False,mp4,,2022-04-03T12:28:04.618Z,,v4
115,61c51a6af6d6cf0010916dca,genopets_refined_genotype_crystals,Genopets Refined Genotype Crystals,['games'],2021-12-24T00:55:05.611Z,True,False,False,mp4,,,,v2
39,6212ac4c849717e8ab355a19,ghostguys_metaforge,Ghost Guys | By Metaforge,['launchpad'],2022-02-20T21:02:04.336Z,True,False,False,,1687.0,2022-02-20T21:02:04.336Z,,v1
151,6212ac4c849717e8ab355a19,ghostguys_metaforge,Ghost Guys | By Metaforge,['launchpad'],2022-02-20T21:02:04.336Z,True,False,False,,1687.0,2022-02-20T21:02:04.336Z,,v3
73,6212ac4c849717e8ab355a19,ghostguys_metaforge,Ghost Guys | By Metaforge,['launchpad'],2022-02-20T21:02:04.336Z,True,False,False,,1687.0,2022-02-20T21:02:04.336Z,,v2
248,6212ac4c849717e8ab355a19,ghostguys_metaforge,Ghost Guys | By Metaforge,['launchpad'],2022-02-20T21:02:04.336Z,True,False,False,,1687.0,2022-02-20T21:02:04.336Z,,v4
305,6157d87f06fcd7a36e000295,grim_syndicate,Grim Syndicate,['pfps'],2021-10-02T03:56:47.205Z,True,False,False,,0.0,2022-04-18T16:30:52.313Z,False,v4
230,621921034e8dbf1d0dfbf43e,guild_saga_heroes,Guild Saga Heroes,['launchpad'],2022-02-25T18:33:39.628Z,True,False,False,,9900.0,2022-02-25T18:33:39.628Z,,v4
2,621921034e8dbf1d0dfbf43e,guild_saga_heroes,Guild Saga Heroes,['launchpad'],2022-02-25T18:33:39.628Z,True,False,False,,9900.0,2022-02-25T18:33:39.628Z,,v1
131,621921034e8dbf1d0dfbf43e,guild_saga_heroes,Guild Saga Heroes,['launchpad'],2022-02-25T18:33:39.628Z,True,False,False,,9900.0,2022-02-25T18:33:39.628Z,,v3
50,621921034e8dbf1d0dfbf43e,guild_saga_heroes,Guild Saga Heroes,['launchpad'],2022-02-25T18:33:39.628Z,True,False,False,,9900.0,2022-02-25T18:33:39.628Z,,v2
202,620b3e0ce3d17f00125ecfdf,honey_genesis_bee,Honey Genesis Bee,"['pfps', 'art']",2022-02-17T16:09:52.310Z,True,False,False,,,2022-04-03T14:43:28.364Z,False,v3
281,620b3e0ce3d17f00125ecfdf,honey_genesis_bee,Honey Genesis Bee,"['pfps', 'art']",2022-02-17T16:09:52.310Z,True,False,False,,,2022-04-03T14:43:28.364Z,False,v4
11,620b3e0ce3d17f00125ecfdf,honey_genesis_bee,Honey Genesis Bee,"['pfps', 'art']",2022-02-17T16:09:52.310Z,True,False,False,,,,,v1
107,620b3e0ce3d17f00125ecfdf,honey_genesis_bee,Honey Genesis Bee,"['pfps', 'art']",2022-02-17T16:09:52.310Z,True,False,False,,,,False,v2
252,6216941a814536dcf715ea70,iconicapeclub3d,Iconic Ape Club 3D,"['pfps', 'virtual_worlds']",2022-02-23T20:07:54.038Z,True,,False,,2999.0,,,v4
78,6216941a814536dcf715ea70,iconicapeclub3d,Iconic Ape Club 3D,"['pfps', 'virtual_worlds']",2022-02-23T20:07:54.038Z,True,,False,,2999.0,,,v2
156,6216941a814536dcf715ea70,iconicapeclub3d,Iconic Ape Club 3D,"['pfps', 'virtual_worlds']",2022-02-23T20:07:54.038Z,True,,False,,2999.0,,,v3
47,6216941a814536dcf715ea70,iconicapeclub3d,Iconic Ape Club 3D,"['pfps', 'virtual_worlds']",2022-02-23T20:07:54.038Z,True,,False,,2999.0,,,v1
300,6238cea8b37f943c2d51f968,kamakura,Kamakura,['launchpad'],2022-03-21T19:14:48.188Z,True,False,False,,3333.0,2022-04-03T14:39:09.593Z,,v4
229,6238cea8b37f943c2d51f968,kamakura,Kamakura,['launchpad'],2022-03-21T19:14:48.188Z,True,False,False,,3333.0,2022-04-03T14:39:09.593Z,,v3
102,6238cea8b37f943c2d51f968,kamakura,Kamakura,['launchpad'],2022-03-21T19:14:48.188Z,True,False,False,,3333.0,2022-03-21T19:14:48.188Z,,v2
327,62510a7695f92c7e1d1cd0cd,komradz,Komradz,"['art', 'virtual_worlds']",2022-04-09T04:24:22.709Z,True,False,False,,3500.0,2022-04-18T16:26:03.680Z,False,v4
13,61c8af005f47f500114a74d9,lifinity_flares,Lifinity Flares,['pfps'],2021-12-26T18:05:51.159Z,True,False,,,,,,v1
235,61c8af005f47f500114a74d9,lifinity_flares,Lifinity Flares,['pfps'],2021-12-26T18:05:51.159Z,True,False,,,,,,v4
137,61c8af005f47f500114a74d9,lifinity_flares,Lifinity Flares,['pfps'],2021-12-26T18:05:51.159Z,True,False,,,,,,v3
57,61c8af005f47f500114a74d9,lifinity_flares,Lifinity Flares,['pfps'],2021-12-26T18:05:51.159Z,True,False,,,,,,v2
262,6171e5f9ed491e00102d1048,lotus_gang_nft,Lotus Gang NFT,['pfps'],2021-10-21T22:11:59.020Z,True,False,False,,,,,v4
166,6171e5f9ed491e00102d1048,lotus_gang_nft,Lotus Gang NFT,['pfps'],2021-10-21T22:11:59.020Z,True,False,False,,,,,v3
106,6171e5f9ed491e00102d1048,lotus_gang_nft,Lotus Gang NFT,['pfps'],2021-10-21T22:11:59.020Z,True,False,False,,,,,v2
244,61f5bdeb82ea3e00104b3740,lux_real_estate,LUX | Real Estate,"['virtual_worlds', 'launchpad']",2022-01-29T22:21:30.793Z,True,False,False,,,2022-02-04T23:09:06.678Z,,v4
147,61f5bdeb82ea3e00104b3740,lux_real_estate,LUX | Real Estate,"['virtual_worlds', 'launchpad']",2022-01-29T22:21:30.793Z,True,False,False,,,2022-02-04T23:09:06.678Z,,v3
35,61f5bdeb82ea3e00104b3740,lux_real_estate,LUX | Real Estate,"['virtual_worlds', 'launchpad']",2022-01-29T22:21:30.793Z,True,False,False,,,2022-02-04T23:09:06.678Z,,v1
69,61f5bdeb82ea3e00104b3740,lux_real_estate,LUX | Real Estate,"['virtual_worlds', 'launchpad']",2022-01-29T22:21:30.793Z,True,False,False,,,2022-02-04T23:09:06.678Z,,v2
232,620df9ebb92bca0010dfe01b,magicticket,Magic Ticket,"['virtual_worlds', 'art']",2022-02-22T00:48:24.023Z,True,False,False,,,,,v4
5,620df9ebb92bca0010dfe01b,magicticket,Magic Ticket,"['virtual_worlds', 'art']",2022-02-22T00:48:24.023Z,True,False,False,,,,,v1
52,620df9ebb92bca0010dfe01b,magicticket,Magic Ticket,"['virtual_worlds', 'art']",2022-02-22T00:48:24.023Z,True,False,False,,,,,v2
133,620df9ebb92bca0010dfe01b,magicticket,Magic Ticket,"['virtual_worlds', 'art']",2022-02-22T00:48:24.023Z,True,False,False,,,,,v3
313,621e6856814536dcf73b0b41,magnum_ai,Magnum AI,"['pfps', 'art']",2022-03-01T18:39:18.081Z,True,False,False,,3877.0,2022-04-18T16:08:34.708Z,,v4
23,621e6856814536dcf73b0b41,magnum_ai,Magnum AI,"['pfps', 'games']",2022-03-01T18:39:18.081Z,True,,False,,3862.0,,,v1
61,621e6856814536dcf73b0b41,magnum_ai,Magnum AI,"['pfps', 'games']",2022-03-01T18:39:18.081Z,True,,False,,3862.0,,,v2
140,621e6856814536dcf73b0b41,magnum_ai,Magnum AI,"['pfps', 'games']",2022-03-01T18:39:18.081Z,True,,False,,3862.0,,,v3
254,62375e54a05f178f17599447,mary_janes,Mary Janes,['launchpad'],2022-03-20T17:03:16.074Z,True,False,False,,4200.0,2022-03-20T17:03:16.074Z,,v4
158,62375e54a05f178f17599447,mary_janes,Mary Janes,['launchpad'],2022-03-20T17:03:16.074Z,True,False,False,,4200.0,2022-03-20T17:03:16.074Z,,v3
85,62375e54a05f178f17599447,mary_janes,Mary Janes,['launchpad'],2022-03-20T17:03:16.074Z,True,False,False,,4200.0,2022-03-20T17:03:16.074Z,,v2
345,6256f40295f92c7e1d7f6629,matuki,Matuki Labs,"['art', None]",2022-04-13T16:02:10.499Z,True,False,False,,0.0,2022-04-18T16:23:26.281Z,False,v4
323,6152c3fa3d226d6a3c0962ea,meerkat_millionaires_country_club,Meerkat Millionaires Country Club,['pfps'],2021-09-28T07:27:54.918Z,True,False,False,,0.0,2022-04-18T16:31:10.955Z,,v4
98,62321fe4f30b34001123d4ea,metaops,MetaOps,"['games', 'pfps']",2022-03-16T17:35:31.520Z,True,False,,,,,,v2
258,62321fe4f30b34001123d4ea,metaops,MetaOps,"['games', 'pfps']",2022-03-16T17:35:31.520Z,True,False,,,,,,v4
162,62321fe4f30b34001123d4ea,metaops,MetaOps,"['games', 'pfps']",2022-03-16T17:35:31.520Z,True,False,,,,,,v3
129,61cd9333abff6174de8ec316,mindfolk,Mindfolk,['pfps'],2021-12-30T11:08:35.934Z,True,False,False,,0.0,,False,v2
178,61cd9333abff6174de8ec316,mindfolk,Mindfolk,['pfps'],2021-12-30T11:08:35.934Z,True,False,False,,0.0,,False,v3
272,61cd9333abff6174de8ec316,mindfolk,Mindfolk,['pfps'],2021-12-30T11:08:35.934Z,True,False,False,,0.0,,False,v4
200,62410b6abea360023d361f8e,mongomons,Mongomons,"['pfps', 'art']",2022-03-28T01:12:10.632Z,True,,False,gif,10000.0,2022-04-03T14:15:27.948Z,,v3
280,62410b6abea360023d361f8e,mongomons,Mongomons,"['pfps', 'art']",2022-03-28T01:12:10.632Z,True,,False,gif,10000.0,2022-04-03T14:15:27.948Z,,v4
146,621961f0814536dcf74f937c,monke_crew,Monke Crew,"['pfps', 'art']",2022-02-25T23:10:40.815Z,True,,False,,1212.0,,False,v3
34,621961f0814536dcf74f937c,monke_crew,Monke Crew,"['pfps', 'art']",2022-02-25T23:10:40.815Z,True,,False,,1212.0,,False,v1
68,621961f0814536dcf74f937c,monke_crew,Monke Crew,"['pfps', 'art']",2022-02-25T23:10:40.815Z,True,,False,,1212.0,,False,v2
243,621961f0814536dcf74f937c,monke_crew,Monke Crew,"['pfps', 'art']",2022-02-25T23:10:40.815Z,True,,False,,1212.0,,False,v4
234,61f4770fd997397d29f5a865,monkelabs,MonkeLabs,['virtual_worlds'],2022-01-29T21:19:04.096Z,True,False,False,gif,3000.0,,,v4
7,61f4770fd997397d29f5a865,monkelabs,MonkeLabs,['virtual_worlds'],2022-01-29T21:19:04.096Z,True,False,False,gif,3000.0,,,v1
54,61f4770fd997397d29f5a865,monkelabs,MonkeLabs,['virtual_worlds'],2022-01-29T21:19:04.096Z,True,False,False,gif,3000.0,,,v2
135,61f4770fd997397d29f5a865,monkelabs,MonkeLabs,['virtual_worlds'],2022-01-29T21:19:04.096Z,True,False,False,gif,3000.0,,,v3
231,6219bd4a825d180012ce6528,monkelabs_dao,MonkeLabs DAO,"['pfps', 'art']",2022-02-26T05:40:24.698Z,True,False,,,,,,v4
3,6219bd4a825d180012ce6528,monkelabs_dao,MonkeLabs DAO,"['pfps', 'art']",2022-02-26T05:40:24.698Z,True,False,,,,,,v1
51,6219bd4a825d180012ce6528,monkelabs_dao,MonkeLabs DAO,"['pfps', 'art']",2022-02-26T05:40:24.698Z,True,False,,,,,,v2
132,6219bd4a825d180012ce6528,monkelabs_dao,MonkeLabs DAO,"['pfps', 'art']",2022-02-26T05:40:24.698Z,True,False,,,,,,v3
121,61a1f729248b6c00101a011e,monkey_kingdom,Monkey Kingdom,['pfps'],2021-11-27T09:15:21.349Z,True,False,False,,,,False,v2
172,61a1f729248b6c00101a011e,monkey_kingdom,Monkey Kingdom,['pfps'],2021-11-27T09:15:21.349Z,True,False,False,,,,False,v3
267,61a1f729248b6c00101a011e,monkey_kingdom,Monkey Kingdom,['pfps'],2021-11-27T09:15:21.349Z,True,False,False,,,,False,v4
212,6211411b89d47a00100f028f,nuked_apes,Nuked Apes,['pfps'],2022-02-19T19:12:27.158Z,True,False,False,,,2022-04-03T14:00:26.950Z,,v3
4,6211411b89d47a00100f028f,nuked_apes,Nuked Apes,['pfps'],2022-02-19T19:12:27.158Z,True,False,False,,,,,v1
316,6211411b89d47a00100f028f,nuked_apes,Nuked Apes,['pfps'],2022-02-19T19:12:27.158Z,True,False,False,,,2022-04-18T15:41:54.748Z,,v4
95,6211411b89d47a00100f028f,nuked_apes,Nuked Apes,['pfps'],2022-02-19T19:12:27.158Z,True,False,False,,,,,v2
306,62559d1564cec7001194c794,parcl,Homeowners Association (Parcl),[],2022-04-12T15:39:00.555Z,True,False,,,,2022-04-18T16:04:31.461Z,,v4
214,6162700faf5c0700117985f1,pesky_penguins,Pesky Penguins,['pfps'],2021-10-10T04:45:33.426Z,True,False,False,,,2022-04-03T13:36:12.227Z,,v3
287,6162700faf5c0700117985f1,pesky_penguins,Pesky Penguins,['pfps'],2021-10-10T04:45:33.426Z,True,False,False,,,2022-04-03T13:36:12.227Z,,v4
113,61a14d2287a7c10011aa4881,portals,Portals,['virtual_worlds'],2021-11-26T21:09:53.368Z,True,False,False,,,,False,v2
10,61a14d2287a7c10011aa4881,portals,Portals,['virtual_worlds'],2021-11-26T21:09:53.368Z,True,False,False,,,,False,v1
276,61a14d2287a7c10011aa4881,portals,Portals,['virtual_worlds'],2021-11-26T21:09:53.368Z,True,False,False,,,2022-04-03T13:50:44.711Z,False,v4
191,61a14d2287a7c10011aa4881,portals,Portals,['virtual_worlds'],2021-11-26T21:09:53.368Z,True,False,False,,,2022-04-03T13:50:44.711Z,False,v3
21,6217725c814536dcf7fe91d3,portals_citizen_cards,Portals Citizen Cards,"['virtual_worlds', None]",2022-02-24T11:56:12.688Z,True,,False,,5000.0,,,v1
60,6217725c814536dcf7fe91d3,portals_citizen_cards,Portals Citizen Cards,"['virtual_worlds', None]",2022-02-24T11:56:12.688Z,True,,False,,5000.0,,,v2
237,6217725c814536dcf7fe91d3,portals_citizen_cards,Portals Citizen Cards,"['virtual_worlds', None]",2022-02-24T11:56:12.688Z,True,,False,,5000.0,,,v4
139,6217725c814536dcf7fe91d3,portals_citizen_cards,Portals Citizen Cards,"['virtual_worlds', None]",2022-02-24T11:56:12.688Z,True,,False,,5000.0,,,v3
86,62336f5547a586b152bd7c55,project_tenjin,Project Tenjin,"['pfps', 'virtual_worlds']",2022-03-17T17:26:45.485Z,True,,False,,7500.0,,,v2
275,62336f5547a586b152bd7c55,project_tenjin,Project Tenjin,"['pfps', 'virtual_worlds']",2022-03-17T17:26:45.485Z,True,False,False,,7500.0,2022-04-03T14:19:28.622Z,False,v4
190,62336f5547a586b152bd7c55,project_tenjin,Project Tenjin,"['pfps', 'virtual_worlds']",2022-03-17T17:26:45.485Z,True,False,False,,7500.0,2022-04-03T14:19:28.622Z,False,v3
179,6230a10aa306750012683b5a,psyker,Psyker,['games'],2022-03-16T18:24:16.895Z,True,False,False,gif,,,,v3
273,6230a10aa306750012683b5a,psyker,Psyker,['games'],2022-03-16T18:24:16.895Z,True,False,False,gif,,,,v4
130,6230a10aa306750012683b5a,psyker,Psyker,['games'],2022-03-16T18:24:16.895Z,True,False,False,gif,,,,v2
329,61d598054bed7a7f48f94b76,quantum_traders,Quantum Traders,['pfps'],2022-01-05T14:28:24.685Z,True,False,False,,0.0,2022-04-18T15:19:12.813Z,,v4
20,61d598054bed7a7f48f94b76,quantum_traders,Quantum Traders,['pfps'],2022-01-05T14:28:24.685Z,True,False,,,0.0,,,v1
173,61d598054bed7a7f48f94b76,quantum_traders,Quantum Traders,['pfps'],2022-01-05T14:28:24.685Z,True,False,False,,0.0,,,v3
123,61d598054bed7a7f48f94b76,quantum_traders,Quantum Traders,['pfps'],2022-01-05T14:28:24.685Z,True,False,False,,0.0,,,v2
285,623f7503bea360023d589f8c,rarikeys,SolRarity - Rarikeys,"['art', None]",2022-03-26T20:18:11.575Z,True,False,False,gif,2600.0,2022-04-03T14:30:59.784Z,,v4
211,623f7503bea360023d589f8c,rarikeys,SolRarity - Rarikeys,"['art', None]",2022-03-26T20:18:11.575Z,True,False,False,gif,2600.0,2022-04-03T14:30:59.784Z,,v3
238,61f6da22d3898b80dc3a388e,robo_cocks,Robo Cocks,"['art', 'pfps']",2022-02-22T19:45:24.575Z,True,False,False,,0.0,,False,v4
141,61f6da22d3898b80dc3a388e,robo_cocks,Robo Cocks,"['art', 'pfps']",2022-02-22T19:45:24.575Z,True,False,False,,0.0,,False,v3
62,61f6da22d3898b80dc3a388e,robo_cocks,Robo Cocks,"['art', 'pfps']",2022-02-22T19:45:24.575Z,True,False,False,,0.0,,False,v2
25,61f6da22d3898b80dc3a388e,robo_cocks,Robo Cocks,"['art', 'pfps']",2022-02-22T19:45:24.575Z,True,False,False,,0.0,,False,v1
165,61e44fc0bd85e7b14d38cb1d,sea_shanties,Sea Shanties,"['art', 'virtual_worlds']",2022-01-19T23:35:47.270Z,True,False,,,0.0,,,v3
261,61e44fc0bd85e7b14d38cb1d,sea_shanties,Sea Shanties,"['art', 'virtual_worlds']",2022-01-19T23:35:47.270Z,True,False,,,0.0,,,v4
105,61e44fc0bd85e7b14d38cb1d,sea_shanties,Sea Shanties,"['art', 'virtual_worlds']",2022-01-19T23:35:47.270Z,True,False,,,0.0,,,v2
296,6235110647a586b1520728e1,sea_shanties_citizens,Sea Shanties Citizens Gen1,"['pfps', 'games']",2022-03-18T23:08:54.944Z,True,False,False,,6666.0,2022-04-03T14:24:43.089Z,,v4
224,6235110647a586b1520728e1,sea_shanties_citizens,Sea Shanties Citizens Gen1,"['pfps', 'games']",2022-03-18T23:08:54.944Z,True,False,False,,6666.0,2022-04-03T14:24:43.089Z,,v3
84,6235110647a586b1520728e1,sea_shanties_citizens,Sea Shanties Citizens Gen1,"['pfps', 'games']",2022-03-18T23:08:54.944Z,True,False,False,,6666.0,,,v2
317,618338d769388b0011ca1680,shadowy_super_coder_dao,Shadowy Super Coder DAO,['pfps'],2021-11-04T01:35:19.644Z,True,False,,,,2022-04-18T16:25:19.183Z,,v4
117,618338d769388b0011ca1680,shadowy_super_coder_dao,Shadowy Super Coder DAO,['pfps'],2021-11-04T01:35:19.644Z,True,False,,,,,,v2
169,618338d769388b0011ca1680,shadowy_super_coder_dao,Shadowy Super Coder DAO,['pfps'],2021-11-04T01:35:19.644Z,True,False,,,,,,v3
27,618338d769388b0011ca1680,shadowy_super_coder_dao,Shadowy Super Coder DAO,['pfps'],2021-11-04T01:35:19.644Z,True,False,,,,,,v1
309,625c64b195f92c7e1de02047,smokeheads,Smoke Heads,"['pfps', 'art']",2022-04-17T19:04:17.077Z,True,False,False,,4420.0,2022-04-18T16:35:01.268Z,,v4
265,620d8e0f8b549900110ffa56,solana_hodl_whales,Male HODL Whales,"['pfps', 'art']",2022-02-23T07:56:14.204Z,True,False,False,,,,,v4
17,620d8e0f8b549900110ffa56,solana_hodl_whales,Solana HODL Whales,"['pfps', 'art']",2022-02-23T07:56:14.204Z,True,False,False,,,,,v1
170,620d8e0f8b549900110ffa56,solana_hodl_whales,Male HODL Whales,"['pfps', 'art']",2022-02-23T07:56:14.204Z,True,False,False,,,,,v3
119,620d8e0f8b549900110ffa56,solana_hodl_whales,Male HODL Whales,"['pfps', 'art']",2022-02-23T07:56:14.204Z,True,False,False,,,,,v2
348,61ae5757333db40011184e8f,solana_money_boys,Solana Money Boys,['pfps'],2021-12-06T18:32:54.827Z,True,False,False,,,2022-04-18T16:00:53.031Z,,v4
206,61ae5757333db40011184e8f,solana_money_boys,Solana Money Boys,['pfps'],2021-12-06T18:32:54.827Z,True,False,False,,,2022-04-03T13:57:20.109Z,,v3
116,61ae5757333db40011184e8f,solana_money_boys,Solana Money Boys,['pfps'],2021-12-06T18:32:54.827Z,True,False,False,,,,,v2
30,61ae5757333db40011184e8f,solana_money_boys,Solana Money Boys,['pfps'],2021-12-06T18:32:54.827Z,True,False,False,,,,,v1
288,61dba909d4c0ed6829405458,solana_monke_rejects,Solana Monke Rejects,"['pfps', 'art']",2022-02-05T20:27:14.406Z,True,False,False,,0.0,2022-04-03T14:14:59.480Z,False,v4
215,61dba909d4c0ed6829405458,solana_monke_rejects,Solana Monke Rejects,"['pfps', 'art']",2022-02-05T20:27:14.406Z,True,False,False,,0.0,2022-04-03T14:14:59.480Z,False,v3
218,616dc5eba8608700127fec22,solana_monkey_business,Solana Monkey Business,['pfps'],2021-10-18T19:06:18.313Z,True,False,False,,,2022-04-03T13:23:03.027Z,False,v3
291,616dc5eba8608700127fec22,solana_monkey_business,Solana Monkey Business,['pfps'],2021-10-18T19:06:18.313Z,True,False,False,,,2022-04-03T13:23:03.027Z,False,v4
104,616dc5eba8608700127fec22,solana_monkey_business,Solana Monkey Business,['pfps'],2021-10-18T19:06:18.313Z,True,False,False,,,,False,v2
153,61dd7d2cbd85e7b14d16228b,solbouncer,SolBouncers,['pfps'],2022-01-11T16:20:38.260Z,True,False,,,0.0,,,v3
41,61dd7d2cbd85e7b14d16228b,solbouncer,SolBouncers,['pfps'],2022-01-11T16:20:38.260Z,True,False,,,0.0,,,v1
249,61dd7d2cbd85e7b14d16228b,solbouncer,SolBouncers,['pfps'],2022-01-11T16:20:38.260Z,True,False,,,0.0,,,v4
75,61dd7d2cbd85e7b14d16228b,solbouncer,SolBouncers,['pfps'],2022-01-11T16:20:38.260Z,True,False,,,0.0,,,v2
322,617b38a33368fe00112819a1,solgods,SOLgods ,"['pfps', 'art']",2021-10-28T23:56:20.247Z,True,False,False,,,2022-04-18T15:53:38.840Z,,v4
44,617b38a33368fe00112819a1,solgods,SOLgods ,"['pfps', 'art']",2021-10-28T23:56:20.247Z,True,False,False,,,,,v1
204,617b38a33368fe00112819a1,solgods,SOLgods ,"['pfps', 'art']",2021-10-28T23:56:20.247Z,True,False,False,,,2022-04-03T12:54:16.735Z,,v3
90,617b38a33368fe00112819a1,solgods,SOLgods ,"['pfps', 'art']",2021-10-28T23:56:20.247Z,True,False,False,,,,,v2
347,625afcd895f92c7e1d2e96e0,solminator,SOLMINATOR,"['art', 'games']",2022-04-16T17:28:56.167Z,True,False,False,,1.0,2022-04-18T16:34:45.505Z,,v4
277,6155e1a93d226d6a3c5c76f3,solsteads_surreal_estate,Solsteads Surreal Estate,"['art', 'virtual_worlds']",2021-09-30T16:11:21.012Z,True,False,,,0.0,2022-04-03T09:44:40.125Z,,v4
194,6155e1a93d226d6a3c5c76f3,solsteads_surreal_estate,Solsteads Surreal Estate,"['art', 'virtual_worlds']",2021-09-30T16:11:21.012Z,True,False,,,0.0,2022-04-03T09:44:40.125Z,,v3
344,61e1a273bd85e7b14d7ca508,soul_dogs,Soul Dogs,['pfps'],2022-01-14T16:20:12.215Z,True,False,False,,9999.0,2022-04-18T16:25:58.806Z,,v4
207,6244a4dbbea360023d35f06f,space_robots,Space Robots,"['pfps', 'art']",2022-03-30T18:43:39.503Z,True,False,False,,0.0,2022-04-03T14:07:51.485Z,,v3
333,6244a4dbbea360023d35f06f,space_robots,Space Robots,"['pfps', 'art']",2022-03-30T18:43:39.503Z,True,False,False,,0.0,2022-04-18T16:19:45.505Z,,v4
32,61c41744b1fe9c0011bac126,space_runners,Space Runners,"['art', 'sports']",2021-12-23T06:29:24.297Z,True,False,False,,,,False,v1
67,61c41744b1fe9c0011bac126,space_runners,Space Runners,"['art', 'sports']",2021-12-23T06:29:24.297Z,True,False,False,,,,False,v2
145,61c41744b1fe9c0011bac126,space_runners,Space Runners,"['art', 'sports']",2021-12-23T06:29:24.297Z,True,False,False,,,,False,v3
242,61c41744b1fe9c0011bac126,space_runners,Space Runners,"['art', 'sports']",2021-12-23T06:29:24.297Z,True,False,False,,,,False,v4
46,621bcc86814536dcf74c968b,spp,Solana Puppy Pound,"['games', 'pfps']",2022-02-27T19:09:58.838Z,True,,False,,4444.0,,,v1
263,621bcc86814536dcf74c968b,spp,Solana Puppy Pound,"['games', 'pfps']",2022-02-27T19:09:58.838Z,True,,False,,4444.0,,,v4
110,621bcc86814536dcf74c968b,spp,Solana Puppy Pound,"['games', 'pfps']",2022-02-27T19:09:58.838Z,True,,False,,4444.0,,,v2
167,621bcc86814536dcf74c968b,spp,Solana Puppy Pound,"['games', 'pfps']",2022-02-27T19:09:58.838Z,True,,False,,4444.0,,,v3
138,6217904a0590bfa5afb2debf,starbots_robot,Starbots Robot,['launchpad'],2022-02-24T14:03:54.651Z,True,False,False,,6000.0,2022-02-24T14:03:54.651Z,,v3
236,6217904a0590bfa5afb2debf,starbots_robot,Starbots Robot,['launchpad'],2022-02-24T14:03:54.651Z,True,False,False,,6000.0,2022-02-24T14:03:54.651Z,,v4
18,6217904a0590bfa5afb2debf,starbots_robot,Starbots Robot,['launchpad'],2022-02-24T14:03:54.651Z,True,False,False,,6000.0,2022-02-24T14:03:54.651Z,,v1
59,6217904a0590bfa5afb2debf,starbots_robot,Starbots Robot,['launchpad'],2022-02-24T14:03:54.651Z,True,False,False,,6000.0,2022-02-24T14:03:54.651Z,,v2
340,61b18e7c6f86e100118b2090,stepn,STEPN,"['art', 'pfps']",2021-12-09T05:04:59.939Z,True,False,False,,,2022-04-18T16:27:26.624Z,,v4
93,61a3e60b58790000113890ee,stoned_ape_crew,Stoned Ape Crew,['pfps'],2021-11-28T20:26:48.782Z,True,False,False,,,,False,v2
324,61a3e60b58790000113890ee,stoned_ape_crew,Stoned Ape Crew,['pfps'],2021-11-28T20:26:48.782Z,True,False,False,,,2022-04-18T14:49:32.206Z,False,v4
9,61a3e60b58790000113890ee,stoned_ape_crew,Stoned Ape Crew,['pfps'],2021-11-28T20:26:48.782Z,True,False,False,,,,False,v1
205,61a3e60b58790000113890ee,stoned_ape_crew,Stoned Ape Crew,['pfps'],2021-11-28T20:26:48.782Z,True,False,False,,,2022-04-03T13:21:06.589Z,False,v3
334,62534e2195f92c7e1daa4e4e,stoner_cups,Stoner Cups,"['pfps', 'art']",2022-04-10T21:37:37.055Z,True,,False,,5000.0,2022-04-18T16:25:26.756Z,False,v4
289,6206dc81b01b02001068ea2b,taiyo_infants_incubators,Taiyo Infants/Incubators,"['games', 'pfps']",2022-02-11T22:00:32.156Z,True,False,,,,2022-04-03T07:36:19.036Z,,v4
216,6206dc81b01b02001068ea2b,taiyo_infants_incubators,Taiyo Infants/Incubators,"['games', 'pfps']",2022-02-11T22:00:32.156Z,True,False,,,,2022-04-03T07:36:19.036Z,,v3
103,619b2825105a3600123a5796,taiyo_robotics,Taiyo Robotics,['pfps'],2021-11-22T05:18:29.730Z,True,False,,,,,,v2
24,619b2825105a3600123a5796,taiyo_robotics,Taiyo Robotics,['pfps'],2021-11-22T05:18:29.730Z,True,False,,,,,,v1
164,619b2825105a3600123a5796,taiyo_robotics,Taiyo Robotics,['pfps'],2021-11-22T05:18:29.730Z,True,False,,,,,,v3
260,619b2825105a3600123a5796,taiyo_robotics,Taiyo Robotics,['pfps'],2021-11-22T05:18:29.730Z,True,False,,,,,,v4
304,62548e3e95f92c7e1d05f73a,tamashisoul,Tamashi Soul,"['pfps', 'art']",2022-04-11T20:23:26.901Z,True,False,False,,0.0,2022-04-18T16:18:14.512Z,,v4
100,61bcc4c07db1ef00125fa4bf,the_catalina_whale_mixer,The Catalina Whale Mixer,['pfps'],2021-12-17T17:11:27.111Z,True,False,False,,,,,v2
350,61bcc4c07db1ef00125fa4bf,the_catalina_whale_mixer,The Catalina Whale Mixer,['pfps'],2021-12-17T17:11:27.111Z,True,False,False,,,2022-04-18T12:14:06.302Z,,v4
197,61bcc4c07db1ef00125fa4bf,the_catalina_whale_mixer,The Catalina Whale Mixer,['pfps'],2021-12-17T17:11:27.111Z,True,False,False,,,2022-04-03T09:15:08.355Z,,v3
144,61f9f8fbb98400339ffad546,the_fellowship,The Fellowship,['pfps'],2022-02-02T18:02:38.017Z,True,False,False,,0.0,,,v3
66,61f9f8fbb98400339ffad546,the_fellowship,The Fellowship,['pfps'],2022-02-02T18:02:38.017Z,True,False,False,,0.0,,,v2
241,61f9f8fbb98400339ffad546,the_fellowship,The Fellowship,['pfps'],2022-02-02T18:02:38.017Z,True,False,False,,0.0,,,v4
31,61f9f8fbb98400339ffad546,the_fellowship,The Fellowship,['pfps'],2022-02-02T18:02:38.017Z,True,False,False,,0.0,,,v1
247,61e310b53d56a50010ef3eab,the_remnants_,The Remnants,"['pfps', 'games']",2022-01-15T18:22:09.344Z,True,False,,,,,,v4
38,61e310b53d56a50010ef3eab,the_remnants_,The Remnants,"['pfps', 'games']",2022-01-15T18:22:09.344Z,True,False,,,,,,v1
150,61e310b53d56a50010ef3eab,the_remnants_,The Remnants,"['pfps', 'games']",2022-01-15T18:22:09.344Z,True,False,,,,,,v3
72,61e310b53d56a50010ef3eab,the_remnants_,The Remnants,"['pfps', 'games']",2022-01-15T18:22:09.344Z,True,False,,,,,,v2
337,6255e5236a790093b51169ed,the_stone_heads,The Stone Heads,['launchpad'],2022-04-12T20:46:27.079Z,True,False,False,,5555.0,2022-04-18T16:07:09.297Z,,v4
80,61e4b23d927ab800103e320d,the_suites,The Suites,['virtual_worlds'],2022-01-17T00:03:08.641Z,True,False,False,,,,False,v2
298,61e4b23d927ab800103e320d,the_suites,The Suites,['virtual_worlds'],2022-01-17T00:03:08.641Z,True,False,False,,,2022-04-03T10:51:46.483Z,False,v4
49,61e4b23d927ab800103e320d,the_suites,The Suites,['virtual_worlds'],2022-01-17T00:03:08.641Z,True,False,False,,,,False,v1
226,61e4b23d927ab800103e320d,the_suites,The Suites,['virtual_worlds'],2022-01-17T00:03:08.641Z,True,False,False,,,2022-04-03T10:51:46.483Z,False,v3
335,6253983995f92c7e1d4dca28,the_vaultx_dao,The Vault-X DAO,"['pfps', None]",2022-04-11T02:53:45.600Z,True,,False,,3333.0,2022-04-18T16:35:15.846Z,,v4
74,615018443d226d6a3cfcf30f,thugbirdz,Thugbirdz,['pfps'],2021-09-26T06:50:44.695Z,True,False,,,3333.0,,,v2
40,615018443d226d6a3cfcf30f,thugbirdz,Thugbirdz,['pfps'],2021-09-26T06:50:44.695Z,True,False,,,3333.0,,,v1
152,615018443d226d6a3cfcf30f,thugbirdz,Thugbirdz,['pfps'],2021-09-26T06:50:44.695Z,True,False,,,3333.0,,,v3
346,615018443d226d6a3cfcf30f,thugbirdz,Thugbirdz,['pfps'],2021-09-26T06:50:44.695Z,True,False,False,,3333.0,2022-04-18T16:26:07.164Z,False,v4
181,6246502ebea360023dff501d,tombstoned,TombStoned High Society,"['pfps', 'art']",2022-04-01T01:06:54.283Z,True,False,False,,0.0,2022-04-03T14:43:24.553Z,False,v3
307,6246502ebea360023dff501d,tombstoned,TombStoned High Society,"['pfps', 'art']",2022-04-01T01:06:54.283Z,True,False,False,,0.0,2022-04-18T16:17:37.044Z,False,v4
108,62315af947a586b152d6153a,undead_apes,Undead Apes,"['pfps', 'art']",2022-03-16T03:35:21.063Z,True,False,False,,2500.0,,False,v2
284,62315af947a586b152d6153a,undead_apes,Undead Apes,"['pfps', 'art']",2022-03-16T03:35:21.063Z,True,False,False,,2501.0,2022-04-03T14:22:44.722Z,False,v4
210,62315af947a586b152d6153a,undead_apes,Undead Apes,"['pfps', 'art']",2022-03-16T03:35:21.063Z,True,False,False,,2501.0,2022-04-03T14:22:44.722Z,False,v3
171,622d4661fd735100112a7ee0,visionary_studios,Visionary Studios,['art'],2022-03-13T01:18:24.664Z,True,False,False,,,,,v3
120,622d4661fd735100112a7ee0,visionary_studios,Visionary Studios,['art'],2022-03-13T01:18:24.664Z,True,False,False,,,,,v2
266,622d4661fd735100112a7ee0,visionary_studios,Visionary Studios,['art'],2022-03-13T01:18:24.664Z,True,False,False,,,,,v4
228,620baad2b18fcf0011fcbe14,yaku_corp,Yaku Engineering ONI-S01,"['games', 'virtual_worlds']",2022-02-15T19:09:33.442Z,True,False,False,,,2022-04-03T12:42:04.398Z,,v3
299,620baad2b18fcf0011fcbe14,yaku_corp,Yaku Engineering ONI-S01,"['games', 'virtual_worlds']",2022-02-15T19:09:33.442Z,True,False,False,,,2022-04-03T12:42:04.398Z,,v4
56,620baad2b18fcf0011fcbe14,yaku_corp,Yaku Engineering ONI-S01,"['games', 'virtual_worlds']",2022-02-15T19:09:33.442Z,True,False,False,,,,,v2
12,620baad2b18fcf0011fcbe14,yaku_corp,Yaku Engineering ONI-S01,"['games', 'virtual_worlds']",2022-02-15T19:09:33.442Z,True,False,False,,,,,v1
283,6222e27c0096cc00120af12a,yaku_corp_capsulex,Yaku Corp: Capsule X,['virtual_worlds'],2022-03-05T18:43:43.226Z,True,False,False,,,2022-04-03T12:44:59.604Z,,v4
208,6222e27c0096cc00120af12a,yaku_corp_capsulex,Yaku Corp: Capsule X,['virtual_worlds'],2022-03-05T18:43:43.226Z,True,False,False,,,2022-04-03T12:44:59.604Z,,v3
118,6222e27c0096cc00120af12a,yaku_corp_capsulex,Yaku Corp: Capsule X,['virtual_worlds'],2022-03-05T18:43:43.226Z,True,False,False,,,,,v2
154,621a8d87814536dcf73ced7f,zankoku,Zankoku Cybogrez,"['pfps', 'art']",2022-02-26T20:28:55.109Z,True,,False,,1111.0,,,v3
76,621a8d87814536dcf73ced7f,zankoku,Zankoku Cybogrez,"['pfps', 'art']",2022-02-26T20:28:55.109Z,True,,False,,1111.0,,,v2
43,621a8d87814536dcf73ced7f,zankoku,Zankoku Cybogrez,"['pfps', 'art']",2022-02-26T20:28:55.109Z,True,,False,,1111.0,,,v1
250,621a8d87814536dcf73ced7f,zankoku,Zankoku Cybogrez,"['pfps', 'art']",2022-02-26T20:28:55.109Z,True,,False,,1111.0,,,v4
37,6216bdd8814536dcf74b4cfe,zilla_vs_kong,Zilla vs Kong,"['virtual_worlds', 'art']",2022-02-23T23:06:00.541Z,True,,False,,888.0,,,v1
246,6216bdd8814536dcf74b4cfe,zilla_vs_kong,Zilla vs Kong,"['virtual_worlds', 'art']",2022-02-23T23:06:00.541Z,True,,False,,888.0,,,v4
149,6216bdd8814536dcf74b4cfe,zilla_vs_kong,Zilla vs Kong,"['virtual_worlds', 'art']",2022-02-23T23:06:00.541Z,True,,False,,888.0,,,v3
71,6216bdd8814536dcf74b4cfe,zilla_vs_kong,Zilla vs Kong,"['virtual_worlds', 'art']",2022-02-23T23:06:00.541Z,True,,False,,888.0,,,v2
185,623f8cddbea360023dad975f,zoom,Zaysan Raptors,"['pfps', None]",2022-03-26T21:59:57.751Z,True,False,False,gif,1.0,2022-04-03T13:41:13.898Z,False,v3
274,623f8cddbea360023dad975f,zoom,Zaysan Raptors,"['pfps', None]",2022-03-26T21:59:57.751Z,True,False,False,gif,1.0,2022-04-03T13:41:13.898Z,False,v4
